Sharpe Ratio,Annualized Return (%),Max Drawdown (%),Win Rate (%),Profit Factor,Total Trades,entry_setup,rsi_entry_max,stop_loss_pct,take_profit_pct,position_size_pct,max_positions
0.8246155086008022,7.606298224279416,4.785621472203372,60.0,4.644242167670861,10,A,65,7,25,33,1
0.8239835940463882,5.575077250502986,3.636228584855894,60.0,4.733151964256559,10,A,65,7,25,25,1
0.7677307550516348,5.162216071958963,3.6361078441445427,54.54545454545454,3.8431946638356353,11,A,75,7,25,25,1
0.7677196772678817,7.01202215859585,4.785599356681014,54.54545454545454,3.787851424198328,11,A,70,7,25,33,1
0.7675304535952135,7.012089642480383,4.7855993566810024,54.54545454545454,3.7879321263603902,11,A,75,7,25,33,1
0.7675234890356695,5.162141505857043,3.636228584855894,54.54545454545454,3.843057879052804,11,A,70,7,25,25,1
0.7575742012473972,12.109869564279714,9.512375708711263,52.63157894736842,3.256032575379878,19,A,65,7,25,33,2
0.7343320418420736,4.265264534500926,3.636228584855905,53.84615384615385,2.9921086798507757,13,A,65,7,20,25,1
0.7343320418420735,5.760048804757774,4.7855993566810024,53.84615384615385,2.9524470108049186,13,A,65,7,20,33,1
0.7130236180770585,7.763887918206971,8.940802044099627,52.94117647058824,3.374787863395387,17,A,65,7,25,25,2
0.6944587796901404,7.886964195206058,8.940841776288854,47.61904761904761,2.775547427623346,21,A,70,7,25,25,2
0.6937125317915208,10.084388729524157,11.704160562442844,45.45454545454545,2.4951580647004086,22,A,75,7,25,33,2
0.6935263817969577,10.771856703271059,11.704171752171334,47.61904761904761,2.7001109402973875,21,A,70,7,25,33,2
0.6901736001443053,4.542456115597843,5.238389629089912,40.0,2.9793837858155077,15,A,75,5,25,25,1
0.6898200218745977,6.129974509951498,6.870393846408085,40.0,2.9510096722811925,15,A,75,5,25,33,1
0.6898106821595472,4.542385317791977,5.238702138917173,40.0,2.979305246977378,15,A,70,5,25,25,1
0.6885975562828054,11.145221921654414,12.44425742897871,46.666666666666664,2.539119098431014,30,A,70,7,25,25,3
0.6707132695566244,5.210555080533869,4.785599356681014,50.0,2.5586849950758848,14,A,75,7,20,33,1
0.670713269556624,3.8764110474516134,3.636228584855894,50.0,2.5865065100036224,14,A,75,7,20,25,1
0.6707054456264021,5.210492675485226,4.785599356681014,50.0,2.558645530604954,14,A,70,7,20,33,1
0.6692345446602884,12.04199060625729,18.32773878105899,26.0,2.196822369898649,50,A,75,3,25,33,3
0.666835629117277,12.799868998637375,18.33809400079758,42.42424242424242,2.0837213953340616,33,A,75,7,25,33,3
0.657104858513665,6.906907696842058,7.238803128260852,50.0,2.5051493476198106,24,A,70,7,20,25,2
0.6532003091686985,2.944858266013126,4.785599356681014,64.28571428571429,2.2811431514448017,14,A,75,7,10,33,1
0.6486271019024629,6.2659809111575155,7.23866759276357,50.0,2.472302245794557,22,A,65,7,20,25,2
0.6455500390819773,8.483284617154974,9.512395872804348,50.0,2.413927004610175,22,A,65,7,20,33,2
0.6439038727280286,8.39556900183682,13.508790180348996,26.47058823529412,2.3602861329828766,34,A,70,3,25,33,2
0.6362368567867547,8.818180700165309,14.936070358044141,34.48275862068966,2.198633343815528,29,A,75,5,25,33,2
0.6314810338192686,9.515068923598793,14.080933702570753,42.42424242424242,2.1635292487568694,33,A,75,7,25,25,3
0.6314519923835611,9.193127218168417,10.807572799656317,46.15384615384615,2.5079563793152215,26,A,65,7,25,25,3
0.6219867398807858,6.446648365006812,9.624465823170725,27.27272727272727,2.5099257577492526,33,A,65,3,25,25,2
0.6218468462151762,3.8835799185389956,4.7855993566810024,53.333333333333336,2.196114773910952,15,A,75,7,15,33,1
0.6184814608497019,7.888324894668587,14.1149245585365,25.0,2.1324239633239293,48,A,70,3,25,25,3
0.6135999452675798,6.249058978210061,11.483594561332966,33.33333333333333,2.127056762288489,30,A,75,5,25,25,2
0.6134282565401782,10.546798665099656,18.246748393373057,25.0,2.0524926627877598,48,A,70,3,25,33,3
0.6122691923630956,7.6827401502845865,13.425781897473287,25.0,2.1484329145706234,48,A,75,3,25,25,3
0.6107536539882789,0.8291107858667844,0.0,100.0,inf,2,C,70,7,10,25,2
0.6107536539882789,0.8291107858667844,0.0,100.0,inf,2,C,75,5,10,25,2
0.6107536539882789,1.098613240575095,0.0,100.0,inf,2,C,75,5,10,33,2
0.6107536539882789,0.8291107858667844,0.0,100.0,inf,2,C,70,7,10,25,3
0.6107536539882789,1.704663927913826,0.0,100.0,inf,2,C,65,5,20,25,1
0.6107536539882789,1.704663927913826,0.0,100.0,inf,2,C,75,7,20,25,1
0.6107536539882787,1.2642533266102443,0.0,100.0,inf,2,C,70,7,15,25,3
0.6107536539882787,1.2642533266102443,0.0,100.0,inf,2,C,75,3,15,25,2
0.6107536539882787,2.2674272876374615,0.0,100.0,inf,2,C,65,7,20,33,3
0.6107536539882787,2.8656029142485595,0.0,100.0,inf,2,C,70,5,25,33,1
0.6107536539882787,2.1503425897775235,0.0,100.0,inf,2,C,75,7,25,25,3
0.6107536539882786,1.6784307297463044,0.0,100.0,inf,2,C,65,5,15,33,3
0.6107536539882786,1.6784307297463044,0.0,100.0,inf,2,C,75,5,15,33,2
0.6107536539882786,1.6784307297463044,0.0,100.0,inf,2,C,65,3,15,33,3
0.6107536539882786,1.6784307297463044,0.0,100.0,inf,2,C,75,3,15,33,3
0.6105976703379942,1.2642533266102443,0.0,100.0,inf,2,C,65,7,15,25,2
0.6105976703379942,1.2642533266102443,0.0,100.0,inf,2,C,65,7,15,25,1
0.6105976703379942,1.2642533266102443,0.0,100.0,inf,2,C,70,7,15,25,1
0.6105976703379942,1.6784307297463044,0.0,100.0,inf,2,C,70,7,15,33,1
0.6105976703379942,1.2642533266102443,0.0,100.0,inf,2,C,70,7,15,25,2
0.6105976703379942,1.6784307297463044,0.0,100.0,inf,2,C,70,7,15,33,2
0.6105976703379942,1.2642533266102443,0.0,100.0,inf,2,C,65,7,15,25,3
0.6105976703379942,1.6784307297463044,0.0,100.0,inf,2,C,65,7,15,33,2
0.6105976703379942,1.6784307297463044,0.0,100.0,inf,2,C,65,7,15,33,3
0.6105976703379942,1.6784307297463044,0.0,100.0,inf,2,C,75,7,15,33,3
0.6105976703379942,1.6784307297463044,0.0,100.0,inf,2,C,75,7,15,33,2
0.6105976703379942,1.2642533266102443,0.0,100.0,inf,2,C,75,7,15,25,2
0.6105976703379942,1.2642533266102443,0.0,100.0,inf,2,C,75,7,15,25,1
0.6105976703379941,0.8291107858667844,0.0,100.0,inf,2,C,75,7,10,25,1
0.6105976703379941,2.2674272876374615,0.0,100.0,inf,2,C,75,7,20,33,3
0.6105976703379941,2.1503425897775235,0.0,100.0,inf,2,C,75,7,25,25,1
0.6105976703379941,1.098613240575095,0.0,100.0,inf,2,C,75,7,10,33,3
0.6105976703379941,1.704663927913826,0.0,100.0,inf,2,C,75,7,20,25,2
0.6105976703379941,1.704663927913826,0.0,100.0,inf,2,C,75,7,20,25,3
0.6105976703379941,2.2674272876374615,0.0,100.0,inf,2,C,75,7,20,33,1
0.6105976703379941,2.2674272876374615,0.0,100.0,inf,2,C,75,7,20,33,2
0.6105976703379941,0.8291107858667844,0.0,100.0,inf,2,C,65,7,10,25,1
0.6105976703379941,0.8291107858667844,0.0,100.0,inf,2,C,65,7,10,25,2
0.6105976703379941,0.8291107858667844,0.0,100.0,inf,2,C,65,7,10,25,3
0.6105976703379941,1.098613240575095,0.0,100.0,inf,2,C,65,7,10,33,1
0.6105976703379941,1.098613240575095,0.0,100.0,inf,2,C,65,7,10,33,2
0.6105976703379941,1.098613240575095,0.0,100.0,inf,2,C,65,7,10,33,3
0.6105976703379941,1.704663927913826,0.0,100.0,inf,2,C,65,7,20,25,1
0.6105976703379941,1.704663927913826,0.0,100.0,inf,2,C,65,7,20,25,2
0.6105976703379941,1.704663927913826,0.0,100.0,inf,2,C,65,7,20,25,3
0.6105976703379941,2.2674272876374615,0.0,100.0,inf,2,C,65,7,20,33,1
0.6105976703379941,2.2674272876374615,0.0,100.0,inf,2,C,65,7,20,33,2
0.6105976703379941,2.1503425897775235,0.0,100.0,inf,2,C,65,7,25,25,1
0.6105976703379941,2.1503425897775235,0.0,100.0,inf,2,C,65,7,25,25,2
0.6105976703379941,2.1503425897775235,0.0,100.0,inf,2,C,65,7,25,25,3
0.6105976703379941,2.8656029142485595,0.0,100.0,inf,2,C,65,7,25,33,1
0.6105976703379941,2.8656029142485595,0.0,100.0,inf,2,C,65,7,25,33,2
0.6105976703379941,2.8656029142485595,0.0,100.0,inf,2,C,65,7,25,33,3
0.6105976703379941,0.8291107858667844,0.0,100.0,inf,2,C,70,7,10,25,1
0.6105976703379941,1.098613240575095,0.0,100.0,inf,2,C,70,7,10,33,1
0.6105976703379941,1.098613240575095,0.0,100.0,inf,2,C,70,7,10,33,2
0.6105976703379941,1.098613240575095,0.0,100.0,inf,2,C,70,7,10,33,3
0.6105976703379941,1.704663927913826,0.0,100.0,inf,2,C,70,7,20,25,1
0.6105976703379941,1.704663927913826,0.0,100.0,inf,2,C,70,7,20,25,2
0.6105976703379941,2.2674272876374615,0.0,100.0,inf,2,C,70,7,20,33,1
0.6105976703379941,2.2674272876374615,0.0,100.0,inf,2,C,70,7,20,33,2
0.6105976703379941,2.2674272876374615,0.0,100.0,inf,2,C,70,7,20,33,3
0.6105976703379941,2.1503425897775235,0.0,100.0,inf,2,C,70,7,25,25,1
0.6105976703379941,2.1503425897775235,0.0,100.0,inf,2,C,70,7,25,25,2
0.6105976703379941,2.1503425897775235,0.0,100.0,inf,2,C,70,7,25,25,3
0.6105976703379941,2.8656029142485595,0.0,100.0,inf,2,C,70,7,25,33,1
0.6105976703379941,2.8656029142485595,0.0,100.0,inf,2,C,70,7,25,33,2
0.6105976703379941,0.8291107858667844,0.0,100.0,inf,2,C,75,7,10,25,2
0.6105976703379941,0.8291107858667844,0.0,100.0,inf,2,C,75,7,10,25,3
0.6105976703379941,1.098613240575095,0.0,100.0,inf,2,C,75,7,10,33,1
0.6105976703379941,1.098613240575095,0.0,100.0,inf,2,C,75,7,10,33,2
0.6105976703379941,2.8656029142485595,0.0,100.0,inf,2,C,75,7,25,33,1
0.6105976703379941,2.8656029142485595,0.0,100.0,inf,2,C,75,7,25,33,3
0.6078960943382146,12.693848774835823,18.225587487194506,42.42424242424242,2.081577859640275,33,A,70,7,25,33,3
0.6058056471370954,10.579854926690093,16.259384086134364,46.875,2.060350974006138,32,A,70,7,20,33,3
0.6051993713176027,11.776797816859393,16.02765355858269,44.44444444444444,2.238486925491076,27,A,65,7,25,33,3
0.6044896310923947,6.567215568961557,10.268373733970593,34.48275862068966,2.2325948317118143,29,A,70,5,25,25,2
0.6032693738336188,8.760556801893898,17.426488177988386,33.33333333333333,2.046477245192777,42,A,75,5,25,25,3
0.6031644220020133,8.81804829225041,13.380878453279232,34.48275862068966,2.179041605547862,29,A,70,5,25,33,2
0.5975066871448222,11.65156106599282,22.486044846026864,33.33333333333333,1.978801717908936,42,A,75,5,25,33,3
0.5943886002380957,3.0726304095672314,5.238417081060065,40.0,2.3861901243536674,15,A,75,5,20,25,1
0.5943770238589346,4.1019190890016395,6.870765252135547,40.0,2.365973023222007,15,A,75,5,20,33,1
0.5942252309289388,4.1019190890016395,6.870765252135547,40.0,2.3659730232220064,15,A,70,5,20,33,1
0.5942252309289381,3.0725702523413263,5.238702138917162,40.0,2.386132131113782,15,A,70,5,20,25,1
0.5921123283642501,6.32660839159976,11.90181147756968,24.390243902439025,2.1133118269594138,41,A,65,3,25,25,3
0.5919850333747412,3.4153921384884587,4.785599356681014,53.84615384615385,2.1916328427992964,13,A,65,7,15,33,1
0.5919850333747408,2.5631136279655298,3.636228584855894,53.84615384615385,2.2240239653554377,13,A,65,7,15,25,1
0.58338986761872,4.4929997352872695,7.485438507364628,26.31578947368421,2.454740066359053,19,A,65,3,25,33,1
0.5781892370459477,5.4675021262538035,11.150989651213939,23.684210526315788,2.08585356814373,38,A,75,3,25,25,2
0.5753501590964606,7.2855118316640946,14.486236124894914,23.684210526315788,2.033318201680592,38,A,75,3,25,33,2
0.5749738214175716,5.859429719773823,11.150998406321966,25.0,2.2308773477184958,36,A,70,3,25,25,2
0.5739419114006896,8.175211569394163,15.432106885879826,23.809523809523807,2.0015061659028484,42,A,65,3,25,33,3
0.5732473333582438,7.3038010539763025,11.704171752171376,45.83333333333333,2.0622919675887674,24,A,70,7,20,33,2
0.5730206744400642,5.441907203135578,8.940849140818552,45.83333333333333,2.111378924573701,24,A,75,7,20,25,2
0.5664826160725838,2.646934071911403,1.104890494272992,66.66666666666666,13.104760987530904,3,C,75,3,25,33,2
0.5664826160725838,2.646934071911403,1.104890494272992,66.66666666666666,13.104760987530904,3,C,75,3,25,33,3
0.5664826160725838,2.646934071911403,1.104890494272992,66.66666666666666,13.104760987530904,3,C,75,3,25,33,1
0.5664826160725838,2.646934071911403,1.104890494272992,66.66666666666666,13.104760987530904,3,C,65,3,25,33,2
0.5664826160725838,2.646934071911403,1.104890494272992,66.66666666666666,13.104760987530904,3,C,65,3,25,33,1
0.5664826160725838,2.646934071911403,1.104890494272992,66.66666666666666,13.104760987530904,3,C,65,3,25,33,3
0.5664826160725838,2.646934071911403,1.104890494272992,66.66666666666666,13.104760987530904,3,C,70,3,25,33,2
0.5664826160725838,2.646934071911403,1.104890494272992,66.66666666666666,13.104760987530904,3,C,70,3,25,33,1
0.5664826160725833,1.9906713784117884,0.8370382532371212,66.66666666666666,13.467315562929011,3,C,75,3,25,25,2
0.5664826160725833,1.9906713784117884,0.8370382532371212,66.66666666666666,13.467315562929011,3,C,75,3,25,25,1
0.5664826160725833,1.9906713784117884,0.8370382532371212,66.66666666666666,13.467315562929011,3,C,75,3,25,25,3
0.5664826160725833,1.9906713784117884,0.8370382532371212,66.66666666666666,13.467315562929011,3,C,70,3,25,25,3
0.5664826160725833,1.9906713784117884,0.8370382532371212,66.66666666666666,13.467315562929011,3,C,70,3,25,25,2
0.5664826160725833,1.9906713784117884,0.8370382532371212,66.66666666666666,13.467315562929011,3,C,70,3,25,25,1
0.5664826160725833,1.9906713784117884,0.8370382532371212,66.66666666666666,13.467315562929011,3,C,65,3,25,25,3
0.5664826160725833,1.9906713784117884,0.8370382532371212,66.66666666666666,13.467315562929011,3,C,65,3,25,25,2
0.5664826160725833,1.9906713784117884,0.8370382532371212,66.66666666666666,13.467315562929011,3,C,65,3,25,25,1
0.5653215336347511,4.395576780037382,8.513231163309698,35.714285714285715,2.3873958613196247,14,A,65,5,25,33,1
0.5651767407661863,3.296257248947737,6.504812523806336,35.714285714285715,2.427135252421462,14,A,65,5,25,25,1
0.5570646486175101,4.256078792900511,8.508235161830601,25.0,2.307563948307325,20,A,70,3,25,33,1
0.5567944859248264,3.194186942609517,6.506079604510462,25.0,2.3248181664767853,20,A,65,3,25,25,1
0.5545484158245174,2.055367630937784,1.104890494272992,66.66666666666666,10.692402897023666,3,C,70,3,20,33,3
0.5545484158245174,2.055367630937784,1.104890494272992,66.66666666666666,10.692402897023666,3,C,70,3,20,33,2
0.5545484158245174,2.055367630937784,1.104890494272992,66.66666666666666,10.692402897023666,3,C,70,3,20,33,1
0.5545484158245174,2.055367630937784,1.104890494272992,66.66666666666666,10.692402897023666,3,C,65,3,20,33,2
0.5545484158245174,2.055367630937784,1.104890494272992,66.66666666666666,10.692402897023666,3,C,65,3,20,33,3
0.5545484158245174,2.055367630937784,1.104890494272992,66.66666666666666,10.692402897023666,3,C,65,3,20,33,1
0.5545484158245174,2.055367630937784,1.104890494272992,66.66666666666666,10.692402897023666,3,C,75,3,20,33,1
0.5545484158245174,2.055367630937784,1.104890494272992,66.66666666666666,10.692402897023666,3,C,75,3,20,33,3
0.5545484158245169,1.5487232174344034,0.8370382532371212,66.66666666666666,10.931487503635331,3,C,65,3,20,25,2
0.5545484158245169,1.5487232174344034,0.8370382532371212,66.66666666666666,10.931487503635331,3,C,65,3,20,25,3
0.5545484158245169,1.5487232174344034,0.8370382532371212,66.66666666666666,10.931487503635331,3,C,65,3,20,25,1
0.5545484158245169,1.5487232174344034,0.8370382532371212,66.66666666666666,10.931487503635331,3,C,70,3,20,25,3
0.5545484158245169,1.5487232174344034,0.8370382532371212,66.66666666666666,10.931487503635331,3,C,70,3,20,25,1
0.5545484158245169,1.5487232174344034,0.8370382532371212,66.66666666666666,10.931487503635331,3,C,70,3,20,25,2
0.5545484158245169,1.5487232174344034,0.8370382532371212,66.66666666666666,10.931487503635331,3,C,75,3,20,25,1
0.5544539074578679,6.666946535853928,13.498019711221998,24.242424242424242,2.0672400182704713,33,A,65,3,25,33,2
0.5540548450902977,10.0117357178375,16.259373473687823,44.44444444444444,1.888679201973563,36,A,75,7,20,33,3
0.5538545328739022,2.9018538113548282,3.636228584855894,46.15384615384615,2.213149672904303,13,A,70,7,20,25,1
0.553805324596774,9.244816500148344,18.129737009416115,32.432432432432435,1.8665350994523116,37,A,70,5,25,33,3
0.5449566698159295,1.856679931044987,3.636107844144554,60.0,1.9369315672344183,15,A,75,7,10,25,1
0.5410524693685149,2.598182387411849,4.785599356681014,58.82352941176471,1.8324384304103316,17,A,70,7,10,33,1
0.538073467147684,2.5166311501556256,1.7632854356152472,66.66666666666666,8.211560960231232,3,C,70,5,25,33,3
0.538073467147684,1.8955246481375232,1.3358222997085223,66.66666666666666,8.43874091415218,3,C,70,5,25,25,1
0.538073467147684,1.8955246481375232,1.3358222997085223,66.66666666666666,8.43874091415218,3,C,75,5,25,25,1
0.538073467147684,1.8955246481375232,1.3358222997085223,66.66666666666666,8.43874091415218,3,C,70,5,25,25,2
0.538073467147684,2.5166311501556256,1.7632854356152472,66.66666666666666,8.211560960231232,3,C,75,5,25,33,3
0.538073467147684,2.5166311501556256,1.7632854356152472,66.66666666666666,8.211560960231232,3,C,75,5,25,33,1
0.538073467147684,1.8955246481375232,1.3358222997085223,66.66666666666666,8.43874091415218,3,C,65,5,25,25,2
0.538073467147684,1.8955246481375232,1.3358222997085223,66.66666666666666,8.43874091415218,3,C,65,5,25,25,1
0.538073467147684,2.5166311501556256,1.7632854356152472,66.66666666666666,8.211560960231232,3,C,65,5,25,33,3
0.538073467147684,2.5166311501556256,1.7632854356152472,66.66666666666666,8.211560960231232,3,C,65,5,25,33,1
0.538073467147684,2.5166311501556256,1.7632854356152472,66.66666666666666,8.211560960231232,3,C,65,5,25,33,2
0.538073467147684,1.8955246481375232,1.3358222997085223,66.66666666666666,8.43874091415218,3,C,65,5,25,25,3
0.538073467147684,1.8955246481375232,1.3358222997085223,66.66666666666666,8.43874091415218,3,C,75,5,25,25,2
0.538073467147684,1.8955246481375232,1.3358222997085223,66.66666666666666,8.43874091415218,3,C,75,5,25,25,3
0.538073467147684,2.5166311501556256,1.7632854356152472,66.66666666666666,8.211560960231232,3,C,70,5,25,33,2
0.538073467147684,2.5166311501556256,1.7632854356152472,66.66666666666666,8.211560960231232,3,C,75,5,25,33,2
0.5369700059898916,7.276294410685262,16.464702012302478,33.33333333333333,2.0237145921606587,27,A,65,5,25,33,2
0.5339460445157046,1.111999021335048,0.8370382532371101,66.66666666666666,8.303563727312023,3,C,75,3,15,25,3
0.5339460445157046,1.111999021335048,0.8370382532371101,66.66666666666666,8.303563727312023,3,C,70,3,15,25,2
0.5339460445157046,1.111999021335048,0.8370382532371101,66.66666666666666,8.303563727312023,3,C,65,3,15,25,3
0.5339460445157046,1.111999021335048,0.8370382532371101,66.66666666666666,8.303563727312023,3,C,70,3,15,25,1
0.5339460445157046,1.111999021335048,0.8370382532371101,66.66666666666666,8.303563727312023,3,C,70,3,15,25,3
0.5339460445157046,1.111999021335048,0.8370382532371101,66.66666666666666,8.303563727312023,3,C,65,3,15,25,1
0.5339460445157032,1.4728788400263608,1.1048904942730031,66.66666666666666,8.165484306824503,3,C,70,3,15,33,3
0.5339460445157032,1.4728788400263608,1.1048904942730031,66.66666666666666,8.165484306824503,3,C,70,3,15,33,1
0.5339460445157032,1.4728788400263608,1.1048904942730031,66.66666666666666,8.165484306824503,3,C,75,3,15,33,2
0.5339460445157032,1.4728788400263608,1.1048904942730031,66.66666666666666,8.165484306824503,3,C,65,3,15,33,1
0.5339460445157032,1.4728788400263608,1.1048904942730031,66.66666666666666,8.165484306824503,3,C,75,3,15,33,1
0.5339460445157032,1.4728788400263608,1.1048904942730031,66.66666666666666,8.165484306824503,3,C,70,3,15,33,2
0.5304344325454391,3.0256863626703723,6.506078716395347,23.809523809523807,2.1863685744767674,21,A,70,3,25,25,1
0.5303093283983966,3.025750393103148,5.716413783661933,23.809523809523807,2.195388688726485,21,A,75,3,25,25,1
0.5229450310501609,4.019453542606082,8.513180238675277,33.33333333333333,2.161356628816664,15,A,70,5,25,33,1
0.5225275630690563,5.094631950986232,9.727457936926488,50.0,1.8316586985395644,24,A,65,7,15,33,2
0.5180669884011427,1.4557994612240435,1.3358222997085112,66.66666666666666,6.849768271814944,3,C,75,5,20,25,3
0.5180669884011427,1.4557994612240435,1.3358222997085112,66.66666666666666,6.849768271814944,3,C,65,5,20,25,3
0.5180669884011427,1.4557994612240435,1.3358222997085112,66.66666666666666,6.849768271814944,3,C,70,5,20,25,1
0.5180669884011427,1.4557994612240435,1.3358222997085112,66.66666666666666,6.849768271814944,3,C,70,5,20,25,2
0.5180669884011427,1.4557994612240435,1.3358222997085112,66.66666666666666,6.849768271814944,3,C,70,5,20,25,3
0.5180669884011427,1.4557994612240435,1.3358222997085112,66.66666666666666,6.849768271814944,3,C,65,5,20,25,2
0.5180669884011427,1.4557994612240435,1.3358222997085112,66.66666666666666,6.849768271814944,3,C,75,5,20,25,1
0.5180669884011427,1.4557994612240435,1.3358222997085112,66.66666666666666,6.849768271814944,3,C,75,5,20,25,2
0.5180669884011423,1.9290030672479601,1.7632854356152472,66.66666666666666,6.699955709516965,3,C,75,5,20,33,3
0.5180669884011423,1.9290030672479601,1.7632854356152472,66.66666666666666,6.699955709516965,3,C,65,5,20,33,3
0.5180669884011423,1.9290030672479601,1.7632854356152472,66.66666666666666,6.699955709516965,3,C,65,5,20,33,2
0.5180669884011423,1.9290030672479601,1.7632854356152472,66.66666666666666,6.699955709516965,3,C,75,5,20,33,1
0.5180669884011423,1.9290030672479601,1.7632854356152472,66.66666666666666,6.699955709516965,3,C,70,5,20,33,2
0.5180669884011423,1.9290030672479601,1.7632854356152472,66.66666666666666,6.699955709516965,3,C,70,5,20,33,3
0.5107705639961508,6.150992347462409,14.015448262388396,43.75,1.8736160683795353,32,A,70,7,20,25,3
0.5103659757495167,2.205454389928132,3.636228584855894,50.0,1.9231003577180374,14,A,70,7,15,25,1
0.5037800609381746,3.79054152567915,8.50826608519788,22.727272727272727,2.0332289542971185,22,A,75,3,25,33,1
0.5021495296265691,2.797857680415958,6.870765252135557,41.17647058823529,1.8724639522052686,17,A,70,5,15,33,1
0.4904539870603519,0.8994676991771398,1.104890494272992,66.66666666666666,5.516634883528298,3,C,65,3,10,33,1
0.4904539870603519,0.8994676991771398,1.104890494272992,66.66666666666666,5.516634883528298,3,C,75,3,10,33,2
0.4904539870603519,0.8994676991771398,1.104890494272992,66.66666666666666,5.516634883528298,3,C,75,3,10,33,1
0.4904539870603519,0.8994676991771398,1.104890494272992,66.66666666666666,5.516634883528298,3,C,70,3,10,33,3
0.4904539870603519,0.8994676991771398,1.104890494272992,66.66666666666666,5.516634883528298,3,C,65,3,10,33,3
0.4904539870603519,0.8994676991771398,1.104890494272992,66.66666666666666,5.516634883528298,3,C,70,3,10,33,1
0.4904539870603519,0.8994676991771398,1.104890494272992,66.66666666666666,5.516634883528298,3,C,75,3,10,33,3
0.4904539870603519,0.8994676991771398,1.104890494272992,66.66666666666666,5.516634883528298,3,C,70,3,10,33,2
0.49045398706035126,0.6804987901137105,0.8370382532371212,66.66666666666666,5.579030021536174,3,C,70,3,10,25,1
0.49045398706035126,0.6804987901137105,0.8370382532371212,66.66666666666666,5.579030021536174,3,C,70,3,10,25,2
0.49045398706035126,0.6804987901137105,0.8370382532371212,66.66666666666666,5.579030021536174,3,C,70,3,10,25,3
0.49045398706035126,0.6804987901137105,0.8370382532371212,66.66666666666666,5.579030021536174,3,C,75,3,10,25,1
0.49045398706035126,0.6804987901137105,0.8370382532371212,66.66666666666666,5.579030021536174,3,C,65,3,10,25,3
0.49045398706035126,0.6804987901137105,0.8370382532371212,66.66666666666666,5.579030021536174,3,C,75,3,10,25,3
0.49045398706035126,0.6804987901137105,0.8370382532371212,66.66666666666666,5.579030021536174,3,C,65,3,10,25,1
0.49045398706035126,0.6804987901137105,0.8370382532371212,66.66666666666666,5.579030021536174,3,C,65,3,10,25,2
0.49045398706035126,0.6804987901137105,0.8370382532371212,66.66666666666666,5.579030021536174,3,C,75,3,10,25,2
0.4867563839420702,6.13395116013158,15.127709538093937,30.0,1.7182747274032646,40,A,70,5,25,25,3
0.4857301809198839,2.199660079001829,5.716676341054827,26.31578947368421,2.0131727727399364,19,A,65,3,20,25,1
0.48566455066487363,5.214159899031565,13.377286702766622,26.08695652173913,1.8645401022425379,46,A,70,3,20,25,3
0.48352472448050887,1.0212719629429576,1.3358222997085112,66.66666666666666,5.203087625853333,3,C,75,5,15,25,3
0.48352472448050887,1.0212719629429576,1.3358222997085112,66.66666666666666,5.203087625853333,3,C,70,5,15,25,1
0.48352472448050887,1.0212719629429576,1.3358222997085112,66.66666666666666,5.203087625853333,3,C,70,5,15,25,2
0.48352472448050887,1.0212719629429576,1.3358222997085112,66.66666666666666,5.203087625853333,3,C,70,5,15,25,3
0.48352472448050887,1.0212719629429576,1.3358222997085112,66.66666666666666,5.203087625853333,3,C,65,5,15,25,2
0.48352472448050887,1.0212719629429576,1.3358222997085112,66.66666666666666,5.203087625853333,3,C,75,5,15,25,2
0.48352472448050887,1.0212719629429576,1.3358222997085112,66.66666666666666,5.203087625853333,3,C,75,5,15,25,1
0.48352472448050887,1.0212719629429576,1.3358222997085112,66.66666666666666,5.203087625853333,3,C,65,5,15,25,1
0.4835247244805085,1.3503921998783734,1.763285435615236,66.66666666666666,5.116565820551769,3,C,75,5,15,33,3
0.4835247244805085,1.3503921998783734,1.763285435615236,66.66666666666666,5.116565820551769,3,C,65,5,15,33,1
0.4835247244805085,1.3503921998783734,1.763285435615236,66.66666666666666,5.116565820551769,3,C,65,5,15,33,2
0.4835247244805085,1.3503921998783734,1.763285435615236,66.66666666666666,5.116565820551769,3,C,70,5,15,33,3
0.4835247244805085,1.3503921998783734,1.763285435615236,66.66666666666666,5.116565820551769,3,C,70,5,15,33,1
0.481361131224907,5.985898147838294,14.668397268882593,41.66666666666667,1.723890268871534,36,A,75,7,20,25,3
0.47437166950397447,4.251594237162531,13.922348394095907,38.095238095238095,1.8673343234973006,21,A,75,7,25,25,2
0.47308620090781983,4.918750791126344,17.36718907836576,29.411764705882355,1.7113241375802877,34,A,65,5,25,25,3
0.46833328334831936,5.3965350346825955,13.4257818974733,25.49019607843137,1.806892901356596,51,A,75,3,20,25,3
0.4665331992933105,7.055617905851334,18.31718796674304,25.49019607843137,1.7491991603881982,51,A,75,3,20,33,3
0.46530005832672755,5.323493926206258,14.936070358044141,34.48275862068966,1.780711986996891,29,A,75,5,20,33,2
0.4641772589345536,4.043548324930194,10.268373733970614,34.48275862068966,1.8093449588218051,29,A,70,5,20,25,2
0.4631855205893354,2.1357500374830125,6.504812523806347,35.714285714285715,1.9584731466536676,14,A,65,5,20,25,1
0.4627139099120711,3.8287077256140742,11.150998406322,25.71428571428571,1.8916557001962264,35,A,70,3,20,25,2
0.45763391204589354,4.73918600967488,13.197783433710864,41.37931034482759,1.715410784541719,29,A,65,7,20,25,3
0.45558398686982415,4.445602783223667,13.380878453279255,33.33333333333333,1.6645432878121584,27,A,70,5,20,33,2
0.45493139859690246,6.628876167436118,22.486044846026864,33.33333333333333,1.6203330982765687,42,A,75,5,20,33,3
0.454293214351971,5.262811393260988,11.704160562442844,41.66666666666667,1.7509401744753474,24,A,75,7,20,33,2
0.45273988116091335,2.691790368297883,8.508236312138296,25.0,1.8540816290257018,20,A,65,3,20,33,1
0.45273548776603667,2.0395141965578856,5.716546749495888,25.0,1.8834037521296423,20,A,70,3,20,25,1
0.44488872785902184,4.8054545403504045,14.486247309390398,25.0,1.778913522104079,36,A,70,3,20,33,2
0.44420334449051213,1.858059079892528,5.238702138917162,38.88888888888889,1.7075893967651892,18,A,70,5,15,25,1
0.44420087484285026,4.804446460930373,13.962948872059123,33.33333333333333,1.6541589853459895,39,A,70,5,20,25,3
0.4441057596629436,1.8581249270231333,5.238417081060076,38.88888888888889,1.7052663561119392,18,A,75,5,15,25,1
0.44327412305504865,5.571262031752781,17.322533203229217,24.444444444444443,1.6666114831577818,45,A,70,3,20,33,3
0.44160205238677436,1.511977313416153,3.636228584855894,56.25,1.6522169302642402,16,A,70,7,10,25,1
0.4402838936862709,1.8632706629217524,4.785599356681014,57.14285714285714,1.6989060822786863,14,A,65,7,10,33,1
0.4402112645376877,5.69133733922745,19.358866263824993,40.0,1.5782678357746787,30,A,65,7,20,33,3
0.4401715023982661,1.4128804251547766,3.636228584855894,57.14285714285714,1.7129900888566802,14,A,65,7,10,25,1
0.4396298796446484,5.131276137948857,17.426514583812413,33.33333333333333,1.6674793722951067,42,A,75,5,20,25,3
0.43813271501466816,2.2249631863598136,6.870494533735528,40.0,1.767408547831452,15,A,65,5,15,33,1
0.4326937438804821,4.064786940078845,11.813076571992331,46.15384615384615,1.5892079341418168,26,A,70,7,15,33,2
0.4318679939877066,1.098092406811865,0.0,100.0,inf,1,C,65,5,20,33,1
0.4318679939877066,0.6207436867180267,0.0,100.0,inf,1,C,75,7,15,25,3
0.4317576969627976,1.0430326872393407,0.0,100.0,inf,1,C,75,7,25,25,2
0.4317576969627976,1.376803147155934,0.0,100.0,inf,1,C,75,7,25,33,2
0.4317576969627976,1.376803147155934,0.0,100.0,inf,1,C,70,7,25,33,3
0.4317576969627976,0.8193816664677955,0.0,100.0,inf,1,C,70,7,15,33,3
0.4317576969627976,0.8318881869786836,0.0,100.0,inf,1,C,70,7,20,25,3
0.4317576969627975,0.8193816664677955,0.0,100.0,inf,1,C,65,7,15,33,1
0.4317576969627975,0.8193816664677955,0.0,100.0,inf,1,C,75,7,15,33,1
0.4313123357778144,1.8544546301387335,7.140298745536988,46.666666666666664,1.6892647520082826,15,A,75,7,15,25,1
0.4293122788693647,4.2176618284891765,12.44425742897871,45.94594594594595,1.565770518736031,37,A,70,7,15,25,3
0.42767614026014183,4.565483396118493,12.55151025639034,24.324324324324326,1.7218298162016694,37,A,75,3,20,33,2
0.42732981394614794,5.468181516718771,16.259384086134354,45.94594594594595,1.528010679374986,37,A,70,7,15,33,3
0.42689629899427867,3.3570837954532506,9.630957637395065,25.806451612903224,1.8848832367987594,31,A,65,3,20,25,2
0.4199378075774389,2.474916594219894,8.50826608519789,23.809523809523807,1.7435307390246357,21,A,70,3,20,33,1
0.41775854410420016,5.81859097334749,19.59893801234889,32.5,1.5516474671488278,40,A,70,5,20,33,3
0.4148571486439653,4.0099303233542205,12.54177948719053,24.242424242424242,1.7394563538100951,33,A,65,3,20,33,2
0.41170456298067937,0.5919421532942619,1.3358222997085112,66.66666666666666,3.4958703302101273,3,C,65,5,10,25,3
0.41170456298067937,0.5919421532942619,1.3358222997085112,66.66666666666666,3.4958703302101273,3,C,65,5,10,25,2
0.41170456298067937,0.5919421532942619,1.3358222997085112,66.66666666666666,3.4958703302101273,3,C,75,5,10,25,3
0.41170456298067937,0.5919421532942619,1.3358222997085112,66.66666666666666,3.4958703302101273,3,C,65,5,10,25,1
0.41170456298067937,0.5919421532942619,1.3358222997085112,66.66666666666666,3.4958703302101273,3,C,70,5,10,25,2
0.41170456298067937,0.5919421532942619,1.3358222997085112,66.66666666666666,3.4958703302101273,3,C,70,5,10,25,1
0.41170456298067937,0.5919421532942619,1.3358222997085112,66.66666666666666,3.4958703302101273,3,C,75,5,10,25,1
0.41170456298067937,0.5919421532942619,1.3358222997085112,66.66666666666666,3.4958703302101273,3,C,70,5,10,25,3
0.4117045629806771,0.7807985480468694,1.7632854356152472,66.66666666666666,3.4567729762132693,3,C,70,5,10,33,1
0.4117045629806771,0.7807985480468694,1.7632854356152472,66.66666666666666,3.4567729762132693,3,C,75,5,10,33,3
0.4117045629806771,0.7807985480468694,1.7632854356152472,66.66666666666666,3.4567729762132693,3,C,70,5,10,33,2
0.4117045629806771,0.7807985480468694,1.7632854356152472,66.66666666666666,3.4567729762132693,3,C,65,5,10,33,2
0.4117045629806771,0.7807985480468694,1.7632854356152472,66.66666666666666,3.4567729762132693,3,C,75,5,10,33,1
0.4117045629806771,0.7807985480468694,1.7632854356152472,66.66666666666666,3.4567729762132693,3,C,65,5,10,33,3
0.4117045629806771,0.7807985480468694,1.7632854356152472,66.66666666666666,3.4567729762132693,3,C,65,5,10,33,1
0.41129427549192055,2.472715991671754,8.513139617849719,33.33333333333333,1.7474409360196579,15,A,65,5,20,33,1
0.4097588575521843,5.856741230458277,21.020853247145443,28.57142857142857,1.5892274285636458,35,A,65,5,25,33,3
0.4033993837426841,4.319958150976019,16.464702012302457,33.33333333333333,1.6592035554295055,27,A,65,5,20,33,2
0.40324694512663023,4.830549256810833,15.453223361610425,23.809523809523807,1.6474314221498343,42,A,65,3,20,33,3
0.40005974329805144,2.7185063325678374,9.005447193051296,44.44444444444444,1.5146808435975208,27,A,75,7,15,25,2
0.399437515696649,1.6200272639435669,5.1983895002305385,47.05882352941176,1.582998893968383,17,A,70,5,10,33,1
0.3993264922292756,1.619991777411976,6.870393846408085,47.05882352941176,1.5648996878825026,17,A,75,5,10,33,1
0.39912054910743533,1.2314325299286863,5.238417081060065,47.05882352941176,1.5832722300716815,17,A,75,5,10,25,1
0.3917018603470689,3.13951319713301,11.15099840632202,23.076923076923077,1.640070764640874,39,A,75,3,20,25,2
0.3877399771269459,1.723249928265128,6.506089746617372,22.727272727272727,1.66401135818303,22,A,75,3,20,25,1
0.3876388210916649,2.2605030258616066,8.50826608519789,22.727272727272727,1.6452096375025487,22,A,75,3,20,33,1
0.3872805574082164,2.0061340652390243,4.7855993566810024,46.15384615384615,1.6352780479287612,13,A,70,7,15,33,1
0.3864913131230708,2.7184764067141596,9.00545556420419,44.44444444444444,1.5134213920866078,27,A,70,7,15,25,2
0.37634494799093865,2.5060743773499086,11.145335946185142,53.84615384615385,1.4585909479119032,26,A,65,7,10,33,2
0.37393443442542945,3.02654871547817,15.693988014992721,28.000000000000004,1.6383101207356838,25,A,65,5,25,25,2
0.3696932649624196,1.1745839119241341,1.1048904942730031,50.0,6.808467777942891,2,C,70,3,25,33,3
0.35311427797284606,0.8989526200566491,1.104890494272992,50.0,5.514178882603948,2,C,75,3,20,33,2
0.3531142779728451,0.6832529433158608,0.8370382532371212,50.0,5.596843430120895,2,C,75,3,20,25,2
0.3531142779728451,0.6832529433158608,0.8370382532371212,50.0,5.596843430120895,2,C,75,3,20,25,3
0.34964605358828177,2.79053721671077,11.584020748270362,31.03448275862069,1.5492368985951344,29,A,75,5,20,25,2
0.3492289383253631,3.035415039985553,11.813065924329036,42.857142857142854,1.4004735153009649,28,A,75,7,15,33,2
0.34728574089776487,2.3520243353021666,7.735170378506407,44.0,1.45701108912831,25,A,65,7,15,25,2
0.33921185312609226,3.9628147386309815,22.23409808100527,30.555555555555557,1.4366544297423287,36,A,65,5,20,33,3
0.33244338952004476,2.413115515767619,12.683092829878294,30.76923076923077,1.5212420070492136,26,A,65,5,20,25,2
0.3304573754328362,0.803006438204327,1.3358222997085223,50.0,4.345494259201545,2,C,70,5,25,25,3
0.3248283665218999,0.4738758032919919,0.8370382532371101,50.0,4.2265447845896515,2,C,65,3,15,25,2
0.3248283665218999,0.4738758032919919,0.8370382532371101,50.0,4.22654478458966,2,C,75,3,15,25,1
0.32482836652189817,0.6233213281891565,1.1048904942730031,50.0,4.179232136707366,2,C,65,3,15,33,2
0.32209479301114136,0.988809629950032,5.238674687029599,44.44444444444444,1.4302681270111903,18,A,70,5,10,25,1
0.3185010287335032,2.013789701389213,12.63704534453456,51.28205128205128,1.3094333168823826,39,A,70,7,10,25,3
0.31494455658113363,1.1936460860440097,6.504812523806325,35.294117647058826,1.4590870884758176,17,A,65,5,15,25,1
0.3065809683264802,1.494470590817525,9.705428990835841,52.0,1.3711878039050098,25,A,65,7,10,25,2
0.30336788040691887,0.7802868980695311,1.763285435615236,50.0,3.455234023970807,2,C,70,5,20,33,1
0.3033678804069188,0.7802868980695311,1.763285435615236,50.0,3.455234023970808,2,C,75,5,20,33,2
0.28281479847494767,0.9384339655641607,5.7164035558919135,25.0,1.4181141725766988,20,A,65,3,15,25,1
0.2746809384865444,2.2430663513519806,16.99941428565326,28.57142857142857,1.3554543118249442,35,A,65,5,20,25,3
0.26686487462169556,0.3476900363216714,1.104890494272992,50.0,2.8016811751583326,2,C,65,3,10,33,2
0.26041995924328165,2.0260305929093803,18.852971426413202,50.0,1.220014267551941,40,A,70,7,10,33,3
0.2578806156563183,0.5064906236174441,1.7632854356152472,50.0,2.618744400617715,2,C,70,5,15,33,2
0.2578806156563183,0.5064906236174441,1.7632854356152472,50.0,2.6187444006177096,2,C,75,5,15,33,1
0.25788061565631804,0.38635846832119036,1.3358222997085223,50.0,2.6483909308096814,2,C,65,5,15,25,3
0.25665676364681617,1.8663971498394492,12.54177948719053,24.324324324324326,1.312240252898668,37,A,65,3,15,33,2
0.25558838821527535,1.5730225800660764,13.62474746252853,50.0,1.2526014351312262,28,A,70,7,10,33,2
0.25099643677112676,2.355736421246517,15.527043563167563,24.074074074074073,1.2545090645033865,54,A,75,3,15,33,3
0.24072690623326595,1.0204889247912285,7.485451790611686,23.809523809523807,1.320495428601257,21,A,70,3,15,33,1
0.24066315852991318,1.020478090043837,8.508252948806593,23.809523809523807,1.3185820172520981,21,A,65,3,15,33,1
0.24027442690936765,1.0731295479954912,10.120185933834513,50.0,1.2668914507396793,24,A,70,7,10,25,2
0.23448102440181157,1.8017308064027633,13.380878453279244,32.35294117647059,1.2354760441017314,34,A,70,5,15,33,2
0.23434311451546172,1.4322225129843793,10.268373733970604,32.35294117647059,1.2529616051932675,34,A,70,5,15,25,2
0.2293585043281699,1.9329418823916504,16.76225504674227,40.0,1.2178044607467333,30,A,65,7,15,33,3
0.2144728324480982,1.6834949651425395,14.049655424327867,39.02439024390244,1.1879841223956784,41,A,75,7,15,25,3
0.20624147770942497,1.76860446735264,15.527092295399958,23.076923076923077,1.1980042535065938,52,A,70,3,15,33,3
0.20481208898885211,1.4361275389879202,12.369155509337936,23.076923076923077,1.2184381658516878,52,A,70,3,15,25,3
0.2040903343714189,1.8055268440584784,19.598938012348867,31.818181818181817,1.1728407663850577,44,A,70,5,15,33,3
0.20142803447425495,0.5655632819293526,6.504729794726782,41.17647058823529,1.2460863739748622,17,A,65,5,10,25,1
0.20142471767935194,0.7289511296175286,10.126832841301214,41.17647058823529,1.2368838170671665,17,A,65,5,10,33,1
0.19896872339264082,0.6404567046715334,6.506089746617372,22.727272727272727,1.254060588102449,22,A,70,3,15,25,1
0.1963546680739082,0.9093396589262228,6.870393846408074,31.57894736842105,1.2173041413984107,19,A,75,5,15,33,1
0.1930585780159941,1.2813093620007658,14.833636817991714,18.181818181818183,1.2230326765263293,44,A,65,3,20,25,3
0.19199231080464244,0.8848443198446296,13.729662360619333,48.275862068965516,1.1828923164213294,29,A,75,7,10,25,2
0.19080782387556763,1.3822011160480177,17.435159798688115,31.25,1.167846359257113,48,A,75,5,15,25,3
0.188525088558943,1.21597232126135,14.408209102364399,38.70967741935484,1.1793139171031688,31,A,65,7,15,25,3
0.1875735497786001,1.0042389705045887,9.630957637395065,22.5,1.2079389138949765,40,A,65,3,15,25,2
0.18596413733607395,1.2776624830514558,13.727613496458291,22.413793103448278,1.1753193310969492,58,A,75,3,15,25,3
0.18116024879080347,1.5053684998215466,20.419560951881987,38.095238095238095,1.1189599103523438,42,A,75,7,15,33,3
0.1809247114619659,1.242698527510171,16.464702012302467,31.25,1.1699017637720661,32,A,65,5,15,33,2
0.17926320485932146,1.2503345265297048,14.915953166704144,31.11111111111111,1.15715227629645,45,A,70,5,15,25,3
0.17100928382491387,0.8539794238951084,9.637527895002119,21.951219512195124,1.1711059101735874,41,A,75,3,15,25,2
0.17094523620528343,0.9565031751230119,19.37697386093208,47.61904761904761,1.1316297166402718,42,A,75,7,10,25,3
0.1708095243357566,1.1352662282482089,14.936070358044129,30.555555555555557,1.1385564347407926,36,A,75,5,15,33,2
0.16931050464359507,0.23269434916535708,1.763285435615236,50.0,1.7555585930056377,2,C,70,5,10,33,3
0.1419824522500618,0.7037748130629489,11.150998406321955,21.428571428571427,1.1377709883400138,42,A,70,3,15,25,2
0.14175155639621334,0.8414882800011547,14.486247309390354,21.428571428571427,1.1216987246883123,42,A,70,3,15,33,2
0.1371189427874755,0.6931765037123511,12.698578216273749,29.72972972972973,1.1105688345410336,37,A,75,5,15,25,2
0.1363752371596863,0.9183816001050653,22.831175101406366,30.0,1.0774502116356472,50,A,75,5,15,33,3
0.11688731857427533,0.6245896361136769,27.047936471031075,46.51162790697674,1.061862866988249,43,A,75,7,10,33,3
0.11682669328188909,0.5417623589140318,18.067540563046258,46.42857142857143,1.0843922607076018,28,A,75,7,10,33,2
0.11671670356456969,0.34753356820065734,6.506089746617394,20.833333333333336,1.1242172305153442,24,A,75,3,15,25,1
0.11671670356456819,0.43195342513079615,8.508266085197903,20.833333333333336,1.1156457339208996,24,A,75,3,15,33,1
0.11105350897777617,0.5378152838677944,11.963337989735134,20.833333333333336,1.0907607895579141,48,A,65,3,15,25,3
0.110149052945909,0.3428299699473347,8.8549773528505,28.000000000000004,1.099510739891299,25,A,75,3,10,33,1
0.11008382477268847,0.3427957199925723,8.508266085197869,28.000000000000004,1.0981181048979236,25,A,70,3,10,33,1
0.09633952620811455,0.4011198153619086,12.683092829878273,29.03225806451613,1.0766078189474355,31,A,65,5,15,25,2
0.09480586026104688,0.34924300851298895,14.382749845017894,37.83783783783784,1.065025174692732,37,A,70,5,10,25,2
0.09239297294861303,0.38299614578546315,18.75807785059409,37.83783783783784,1.0535824979888402,37,A,70,5,10,33,2
0.07393870479217494,0.2567097877186503,14.486236124894925,20.0,1.0346776047342758,45,A,75,3,15,33,2
0.07337346901057276,0.2455132982464236,15.541272283432562,27.27272727272727,1.038785410997313,44,A,70,3,10,33,2
0.07204960587194784,0.16126123564258202,5.197835513582849,25.0,1.183302617625028,4,B,75,5,20,33,1
0.07204960587194784,0.16126123564258202,5.197835513582849,25.0,1.183302617625028,4,B,65,5,20,33,1
0.07204960587194784,0.16126123564258202,5.197835513582849,25.0,1.183302617625028,4,B,70,5,20,33,1
0.07204960587194743,0.1296387646102181,3.954712323609566,25.0,1.1936784060622216,4,B,70,5,20,25,1
0.07204960587194743,0.1296387646102181,3.954712323609566,25.0,1.1936784060622216,4,B,75,5,20,25,1
0.07204960587194743,0.1296387646102181,3.954712323609566,25.0,1.1936784060622216,4,B,65,5,20,25,1
0.07119011730479462,0.15187392959661902,5.716667584566737,27.27272727272727,1.0658972197928118,22,A,65,3,10,25,1
0.07118295938228565,0.18444771024923948,8.508252948806572,27.27272727272727,1.0599843278978682,22,A,65,3,10,33,1
0.060369096687320045,0.1294256374309836,7.288991399122913,26.923076923076923,1.0468676945417252,26,A,70,3,10,25,1
0.060366776436733896,0.12950800706984933,6.75143662761476,26.923076923076923,1.0472568632408952,26,A,75,3,10,25,1
0.05867819771940969,0.13286852533280466,17.417959860172882,28.205128205128204,1.019357783733877,39,A,65,5,15,25,3
0.05225106625704566,0.11227554929071008,23.370341928071202,37.142857142857146,1.0168572384482844,35,A,75,5,10,33,2
0.051580491310767265,0.12181506063775185,10.705016806145885,26.82926829268293,1.0277034347454521,41,A,65,3,10,25,2
0.04683122491085299,0.06145578156677334,19.634925007491766,26.923076923076923,1.0079092422746316,52,A,70,3,10,33,3
0.04553725471827923,0.09557422910104844,13.055653059707861,26.666666666666668,1.0198415896940247,45,A,75,3,10,25,2
0.0453733466978366,0.08367836068846324,16.499991283369198,26.785714285714285,1.0134990016215986,56,A,70,3,10,25,3
0.04301160012995593,0.06718635615668878,16.97215712629,26.666666666666668,1.010514329269785,45,A,75,3,10,33,2
0.04272886026398998,0.08309184188728876,13.363677167141164,26.666666666666668,1.0169665262110272,45,A,70,3,10,25,2
0.04142898036949867,-0.0249920800985309,25.20718085663063,36.95652173913043,0.9972866854523396,46,A,70,5,10,33,3
0.031103993493006046,-0.01882086854699,22.933412137345332,36.734693877551024,0.9973715232787175,49,A,75,5,10,25,3
0.028112019352958817,-0.27344680626753637,24.14570027476346,27.500000000000004,0.9713783407765838,40,A,65,5,15,33,3
0.01636761803607841,-0.2629308252743213,28.501025262089396,36.53846153846153,0.9741046324645485,52,A,75,5,10,33,3
0.015710291226930413,-0.09123535550000487,16.218270076853646,26.229508196721312,0.9863690904146492,61,A,75,3,10,25,3
0.015426135252895913,-0.08431046245339083,14.596876928552515,26.190476190476193,0.9859628759277657,42,A,65,3,10,33,2
0.011414540186071211,-0.14836412170957777,20.543099047253687,36.17021276595745,0.9791656564571694,47,A,70,5,10,25,3
0.008937673121704109,-0.26833719958137564,21.251808713985387,43.75,0.965429535271982,32,A,65,7,10,33,3
0.0070220007707043905,-0.11545982809762785,16.68592873434377,35.8974358974359,0.9799920620748919,39,A,75,5,10,25,2
-0.01034309121538859,-0.11618308938852022,9.453412842228914,33.33333333333333,0.9273868107702666,6,B,70,7,15,33,2
-0.03227205203449701,-0.604410055309563,22.631530655326102,25.396825396825395,0.9346377672205074,63,A,75,3,10,33,3
-0.03388019403794406,-0.07313513510478667,3.9545958137900072,25.0,0.8907339656052132,4,B,65,5,15,25,1
-0.033883172284167276,-0.07315557807800709,3.954712323609566,25.0,0.8907066431918766,4,B,75,5,15,25,1
-0.033883172284167276,-0.07315557807800709,3.954712323609566,25.0,0.8907066431918766,4,B,70,5,15,25,1
-0.03388317228416753,-0.1029625788597146,5.197835513582849,25.0,0.8829643705308097,4,B,75,5,15,33,1
-0.03388317228416753,-0.1029625788597146,5.197835513582849,25.0,0.8829643705308097,4,B,65,5,15,33,1
-0.03388317228416753,-0.1029625788597146,5.197835513582849,25.0,0.8829643705308097,4,B,70,5,15,33,1
-0.0417765459520661,-0.46740703311720877,15.97845378227426,42.42424242424242,0.9249241239756454,33,A,65,7,10,25,3
-0.0437953608307068,-0.7743770301344786,18.999528125961184,17.77777777777778,0.8944506119726848,45,A,65,3,15,33,3
-0.09906160834767126,-0.498134033137178,11.704355895057162,28.57142857142857,0.7485452110924974,7,B,75,7,15,33,3
-0.10294920558296208,-0.8709076554811304,19.903731519033308,33.33333333333333,0.8653783052969304,33,A,65,5,10,33,2
-0.1071364604465679,-0.6393360573422165,16.313705017214364,24.0,0.8832739470474911,50,A,65,3,10,25,3
-0.12704227505507762,-0.3290930559920697,6.53805711020855,16.666666666666664,0.7026066695629687,6,B,70,5,20,25,2
-0.15910502025263493,-1.004989807907733,22.132172279122496,32.5,0.8378125861359499,40,A,65,5,10,25,3
-0.16778230439528158,-1.211197644970629,22.633680134927136,22.916666666666664,0.8292066195839248,48,A,65,3,10,33,3
-0.17962728148097049,-0.6209018097485591,9.453371710468605,33.33333333333333,0.6119413159865015,6,B,75,7,10,33,2
-0.20467486664540213,-0.27594992076623415,3.954712323609566,25.0,0.5877348803215328,4,B,65,5,10,25,1
-0.20467486664540213,-0.27594992076623415,3.954712323609566,25.0,0.5877348803215328,4,B,75,5,10,25,1
-0.20467486664540213,-0.27594992076623415,3.954712323609566,25.0,0.5877348803215328,4,B,70,5,10,25,1
-0.20467486664540402,-0.36718639336200937,5.197835513582849,25.0,0.5826261234365921,4,B,75,5,10,33,1
-0.20467486664540402,-0.36718639336200937,5.197835513582849,25.0,0.5826261234365921,4,B,65,5,10,33,1
-0.20472740133805142,-0.36718702281275845,5.1978391174326894,25.0,0.5826256973326476,4,B,70,5,10,33,1
-0.2071228924615897,-1.011680553730619,17.302348562162894,31.25,0.7968687681459752,32,A,65,5,10,25,2
-0.20885642003803975,-0.7196238677149667,10.18351691852547,14.285714285714285,0.5824879776385493,7,B,70,5,20,33,2
-0.20885642003803975,-0.7196238677149667,10.18351691852547,14.285714285714285,0.5824879776385493,7,B,75,5,20,33,2
-0.20885642003803975,-0.7196238677149667,10.18351691852547,14.285714285714285,0.5824879776385493,7,B,65,5,20,33,2
-0.2105651666397751,-0.5404701494314519,7.786932586299411,14.285714285714285,0.5899219597326935,7,B,75,5,20,25,2
-0.21061893058823547,-0.5404702149896176,7.786932955255632,14.285714285714285,0.5899219294209805,7,B,65,5,20,25,2
-0.2393055740415218,-0.9769356487922098,11.64653313461267,16.666666666666664,0.5044009027522552,6,B,65,7,20,33,2
-0.2393055740415218,-0.9769356487922098,11.64653313461267,16.666666666666664,0.5044009027522552,6,B,70,7,20,33,2
-0.2393055740415218,-0.9769356487922098,11.64653313461267,16.666666666666664,0.5044009027522552,6,B,75,7,20,33,2
-0.24170652171445092,-0.7356741125501269,8.907486103292594,16.666666666666664,0.5120317825214323,6,B,75,7,20,25,2
-0.24170652171445092,-0.7356741125501269,8.907486103292594,16.666666666666664,0.5120317825214323,6,B,65,7,20,25,2
-0.24170652171445092,-0.7356741125501269,8.907486103292594,16.666666666666664,0.5120317825214323,6,B,70,7,20,25,2
-0.24639309041985588,-1.9701319569262605,29.77846584002156,30.952380952380953,0.7706924796833201,42,A,65,5,10,33,3
-0.24913186656926492,-0.6880911945318194,8.5711082595608,16.666666666666664,0.5256813127364198,6,B,75,5,15,33,2
-0.24914878681838967,-1.3135244650895634,16.087035906407788,22.22222222222222,0.5175821700777735,9,B,70,7,15,33,3
-0.24914878681838967,-1.3135244650895634,16.087035906407788,22.22222222222222,0.5175821700777735,9,B,65,7,15,33,3
-0.24926100491753717,-0.9808040864305555,12.344625578117284,22.22222222222222,0.5305757075116371,9,B,75,7,15,25,3
-0.24926100491753717,-0.9808040864305555,12.344625578117284,22.22222222222222,0.5305757075116371,9,B,70,7,15,25,3
-0.24949260916119045,-0.8580929464900627,9.453343651827028,20.0,0.46369715355479485,5,B,65,7,15,33,2
-0.2506414448006944,-0.5186095715831694,6.538251199418643,16.666666666666664,0.5313591505362993,6,B,75,5,15,25,2
-0.28231740153974977,-1.0436769200101015,11.883213338175768,12.5,0.48108837370843477,8,B,75,5,20,33,3
-0.2982726882447135,-0.7654392264476967,9.053040930893685,12.5,0.5004517446470237,8,B,70,5,20,25,3
-0.30278574479160764,-1.3829259598051753,13.895694211155284,14.285714285714285,0.41199651995816305,7,B,65,7,20,33,3
-0.3372884397774358,-1.306786910311887,13.43772325558935,11.11111111111111,0.4254335030280531,9,B,65,5,20,33,3
-0.34953180587224664,-0.9744467103331742,10.18351691852547,14.285714285714285,0.43464463177615115,7,B,70,5,15,33,2
-0.34953180587224664,-0.9744467103331742,10.18351691852547,14.285714285714285,0.43464463177615115,7,B,65,5,15,33,2
-0.350694284655885,-1.2292989050570018,11.64653313461267,16.666666666666664,0.3763771151691544,6,B,75,7,15,33,2
-0.35078230586566367,-1.3067374553135487,13.43744916345938,11.11111111111111,0.4254435279903668,9,B,70,5,20,33,3
-0.3513057806476172,-0.7378099664485885,7.786932955255632,14.285714285714285,0.4401917458096729,7,B,70,5,15,25,2
-0.3513059165694435,-0.7378104369827723,7.786935635668013,14.285714285714285,0.44019158149193055,7,B,65,5,15,25,2
-0.35184702282935915,-0.987243878291282,10.301340138471948,11.11111111111111,0.4337712223885132,9,B,75,5,20,25,3
-0.35184702282935915,-0.987243878291282,10.301340138471948,11.11111111111111,0.4337712223885132,9,B,65,5,20,25,3
-0.3528205470956127,-0.9316062486427935,8.907486103292594,16.666666666666664,0.3820711741965156,6,B,70,7,15,25,2
-0.3528205470956127,-0.9316062486427935,8.907486103292594,16.666666666666664,0.3820711741965156,6,B,75,7,15,25,2
-0.3528205470956127,-0.9316062486427935,8.907486103292594,16.666666666666664,0.3820711741965156,6,B,65,7,15,25,2
-0.35650035235184285,-1.778479442243536,16.087035906407788,12.5,0.3468182619423719,8,B,70,7,20,33,3
-0.3565913628098002,-1.778479442243536,16.087035906407788,12.5,0.3468182619423719,8,B,75,7,20,33,3
-0.3585764912341173,-1.3465539665447592,12.34464143256636,12.5,0.355524370296132,8,B,70,7,20,25,3
-0.35866807882550983,-1.3465539665447592,12.34464143256636,12.5,0.355524370296132,8,B,65,7,20,25,3
-0.3945312474900922,-1.7928842369874434,16.087035906407788,22.22222222222222,0.3415278162708037,9,B,75,7,10,33,3
-0.3945312474900922,-1.7928842369874434,16.087035906407788,22.22222222222222,0.3415278162708037,9,B,70,7,10,33,3
-0.39463233260548847,-1.792887918535384,16.087056321369165,22.22222222222222,0.3415272997723811,9,B,65,7,10,33,3
-0.3951802123739901,-1.3578823778466185,12.344625578117284,22.22222222222222,0.35010163260754795,9,B,65,7,10,25,3
-0.3951802123739901,-1.3578823778466185,12.344625578117284,22.22222222222222,0.35010163260754795,9,B,75,7,10,25,3
-0.3951802123739901,-1.3578823778466185,12.344625578117284,22.22222222222222,0.35010163260754795,9,B,70,7,10,25,3
-0.4084724751357984,-0.973589298434529,9.086518208335892,12.5,0.3669478237854032,8,B,70,5,15,25,3
-0.40948283998676577,-1.2892678684826755,11.883213338175768,12.5,0.3589816220585486,8,B,70,5,15,33,3
-0.4254796363063644,-0.718621553293722,6.538251199418643,16.666666666666664,0.35061858933607126,6,B,70,5,10,25,2
-0.4454816053070735,-1.5350902944681366,12.344625578117284,12.5,0.26528785375581854,8,B,65,7,15,25,3
-0.44831634690366184,-0.9600694548288653,9.053040930893685,12.5,0.373430306932128,8,B,75,5,15,25,3
-0.47863072338152723,-1.4816621613217942,11.64653313461267,16.666666666666664,0.24835332758605413,6,B,70,7,10,33,2
-0.47863072338152723,-1.4816621613217942,11.64653313461267,16.666666666666664,0.24835332758605413,6,B,65,7,10,33,2
-0.4801758576881968,-1.1275383847354639,8.907486103292594,16.666666666666664,0.2521105658715992,6,B,75,7,10,25,2
-0.4802984758752912,-1.1275383847354639,8.907486103292594,16.666666666666664,0.2521105658715992,6,B,70,7,10,25,2
-0.48029855041094377,-1.1275389125599966,8.90748914679833,16.666666666666664,0.252110471307306,6,B,65,7,10,25,2
-0.48502090701657036,-1.552328403786123,13.43744916345938,11.11111111111111,0.31746019259416514,9,B,75,5,15,33,3
-0.48594918397806747,-1.1792026950898555,10.301340138471948,11.11111111111111,0.32367420525053053,9,B,65,5,15,25,3
-0.5328607571249392,-1.22926955295138,10.18351691852547,14.285714285714285,0.2868012859137533,7,B,65,5,10,33,2
-0.5328607571249392,-1.22926955295138,10.18351691852547,14.285714285714285,0.2868012859137533,7,B,70,5,10,33,2
-0.5328607571249392,-1.22926955295138,10.18351691852547,14.285714285714285,0.2868012859137533,7,B,75,5,10,33,2
-0.5342157455476813,-0.9351496539285564,7.786932586299411,14.285714285714285,0.29046157712303106,7,B,65,5,10,25,2
-0.5342157455476813,-0.9351496539285564,7.786932586299411,14.285714285714285,0.29046157712303106,7,B,75,5,10,25,2
-0.6049014409351661,-1.7979924864576162,13.437867652533598,11.11111111111111,0.20946932087037112,9,B,65,5,10,33,3
-0.610909752992647,-1.2194304096955666,7.204738738187633,0.0,0.0,4,B,70,7,25,25,2
-0.640867782183271,-1.797919352258697,13.43744916345938,11.11111111111111,0.20947685719796372,9,B,70,5,10,33,3
-0.640867782183271,-1.797919352258697,13.43744916345938,11.11111111111111,0.20947685719796372,9,B,75,5,10,33,3
-0.6413457366985624,-1.3711615118884293,10.301340138471948,11.11111111111111,0.2135771881125482,9,B,75,5,10,25,3
-0.6413457366985624,-1.3711615118884293,10.301340138471948,11.11111111111111,0.2135771881125482,9,B,70,5,10,25,3
-0.6415093275237308,-1.3711606616803367,10.301335235463894,11.11111111111111,0.21357730144074963,9,B,65,5,10,25,3
-0.6927966881133318,-2.351900978046556,13.895694211155284,0.0,0.0,6,B,65,7,25,33,3
-0.6934709075722542,-2.0893765025057176,12.344625578117284,0.0,0.0,7,B,65,7,25,25,3
-0.6934709075722542,-2.722794191295387,16.087035906407788,0.0,0.0,7,B,75,7,25,33,3
-0.6934709075722542,-2.0893765025057176,12.344625578117284,0.0,0.0,7,B,75,7,25,25,3
-0.6934709075722542,-2.722794191295387,16.087035906407788,0.0,0.0,7,B,70,7,25,33,3
-0.6936481145434051,-2.0893765025057176,12.344625578117284,0.0,0.0,7,B,70,7,25,25,3
-0.6938254574325229,-2.0893765025057176,12.344625578117284,0.0,0.0,7,B,75,7,20,25,3
-0.7197437463725163,-1.5076271080758203,8.907486103292594,0.0,0.0,5,B,65,7,25,25,2
-0.7197437463725163,-1.5076271080758203,8.907486103292594,0.0,0.0,5,B,75,7,25,25,2
-0.7197437463725169,-1.97122160677353,11.64653313461267,0.0,0.0,5,B,75,7,25,33,2
-0.7197437463725169,-1.97122160677353,11.64653313461267,0.0,0.0,5,B,70,7,25,33,2
-0.7197437463725169,-1.97122160677353,11.64653313461267,0.0,0.0,5,B,65,7,25,33,2
-0.7480174993353015,-0.9146939393415103,5.40426973606839,0.0,0.0,3,B,65,7,10,25,1
-0.7480174993353015,-0.9146939393415103,5.40426973606839,0.0,0.0,3,B,65,7,15,25,1
-0.7480174993353015,-0.9146939393415103,5.40426973606839,0.0,0.0,3,B,70,7,10,25,1
-0.7480174993353015,-0.9146939393415103,5.40426973606839,0.0,0.0,3,B,65,7,25,25,1
-0.7480174993353015,-0.9146939393415103,5.40426973606839,0.0,0.0,3,B,70,7,15,25,1
-0.7480174993353015,-0.9146939393415103,5.40426973606839,0.0,0.0,3,B,70,7,25,25,1
-0.7480174993353015,-0.9146939393415103,5.40426973606839,0.0,0.0,3,B,65,7,20,25,1
-0.7480174993353015,-0.9146939393415103,5.40426973606839,0.0,0.0,3,B,70,7,20,25,1
-0.7480174993353015,-0.9146939393415103,5.40426973606839,0.0,0.0,3,B,75,7,20,25,1
-0.7480174993353015,-0.9146939393415103,5.40426973606839,0.0,0.0,3,B,75,7,25,25,1
-0.7480174993353017,-1.2002773909840811,7.091577302515118,0.0,0.0,3,B,75,7,15,33,1
-0.7480174993353017,-1.2002773909840811,7.091577302515118,0.0,0.0,3,B,70,7,25,33,1
-0.7480174993353017,-1.2002773909840811,7.091577302515118,0.0,0.0,3,B,65,7,10,33,1
-0.7480174993353017,-1.2002773909840811,7.091577302515118,0.0,0.0,3,B,65,7,20,33,1
-0.7480174993353017,-1.2002773909840811,7.091577302515118,0.0,0.0,3,B,70,7,10,33,1
-0.7480174993353017,-1.2002773909840811,7.091577302515118,0.0,0.0,3,B,70,7,15,33,1
-0.7480174993353017,-1.2002773909840811,7.091577302515118,0.0,0.0,3,B,75,7,25,33,1
-0.7480174993353017,-1.2002773909840811,7.091577302515118,0.0,0.0,3,B,65,7,15,33,1
-0.7480174993353017,-1.2002773909840811,7.091577302515118,0.0,0.0,3,B,65,7,25,33,1
-0.7480174993353017,-1.2002773909840811,7.091577302515118,0.0,0.0,3,B,75,7,10,33,1
-0.7480174993353017,-1.2002773909840811,7.091577302515118,0.0,0.0,3,B,70,7,20,33,1
-0.7480174993353017,-1.2002773909840811,7.091577302515118,0.0,0.0,3,B,75,7,20,33,1
-0.7480175011799837,-0.8797541340760591,5.197835513582849,0.0,0.0,3,B,70,5,25,33,1
-0.7480175011799837,-0.8797541340760591,5.197835513582849,0.0,0.0,3,B,75,5,25,33,1
-0.7480175011799837,-0.8797541340760591,5.197835513582849,0.0,0.0,3,B,65,5,25,33,1
-0.7480175011799838,-0.669350637719367,3.954712323609566,0.0,0.0,3,B,75,5,25,25,1
-0.7480175011799838,-0.669350637719367,3.954712323609566,0.0,0.0,3,B,65,5,25,25,1
-0.7480175011799838,-0.669350637719367,3.954712323609566,0.0,0.0,3,B,70,5,25,25,1
-0.7482086859235019,-0.9146964926659398,5.404284821829153,0.0,0.0,3,B,75,7,15,25,1
-0.7482086859235019,-0.9146964926659398,5.404284821829153,0.0,0.0,3,B,75,7,10,25,1
-0.7728443400817299,-1.1090582113342853,6.552628665460336,0.0,0.0,8,B,70,3,15,25,3
-0.8199591480285434,-1.0957849471748984,6.474206477764355,0.0,0.0,6,B,65,3,25,33,2
-0.8482805691011146,-1.6245761475697065,9.598454008091517,0.0,0.0,9,B,65,3,15,33,3
-0.8482805691011146,-1.6245761475697065,9.598454008091517,0.0,0.0,9,B,70,3,10,33,3
-0.8482945055399141,-1.6246203048485617,9.598714901747286,0.0,0.0,9,B,70,3,15,33,3
-0.8482945055399141,-1.6246203048485617,9.598714901747286,0.0,0.0,9,B,75,3,15,33,3
-0.8491939485600325,-1.624564110296991,9.59838288848982,0.0,0.0,9,B,70,3,20,33,3
-0.8641780125286752,-0.7359922309942915,4.348449649515896,0.0,0.0,4,B,75,3,15,33,1
-0.8641917684501731,-1.7435972545288794,10.301664271795541,0.0,0.0,8,B,65,5,25,25,3
-0.8643991149487168,-0.7359965788988552,4.348475338162161,0.0,0.0,4,B,70,3,20,33,1
-0.8643991152280002,-0.7359928710851671,4.348453431353294,0.0,0.0,4,B,70,3,25,33,1
-0.9117695471467385,-0.9708758111412021,5.736208077871908,0.0,0.0,7,B,70,3,25,25,2
-0.9117695471467385,-0.9708758111412021,5.736208077871908,0.0,0.0,7,B,70,3,15,25,2
-0.9122127003681211,-1.2747476903693404,7.531568831805712,0.0,0.0,7,B,75,3,20,33,2
-0.9170139039694551,-1.317969011652391,7.786932586299411,0.0,0.0,6,B,75,5,25,25,2
-0.9171751235375989,-1.7236003496253143,10.18351691852547,0.0,0.0,6,B,75,5,25,33,2
-0.9171751235375989,-1.7236003496253143,10.18351691852547,0.0,0.0,6,B,65,5,25,33,2
-0.9171751235375989,-1.7236003496253143,10.18351691852547,0.0,0.0,6,B,70,5,25,33,2
-0.917248465433346,-1.317969011652391,7.786932586299411,0.0,0.0,6,B,65,5,25,25,2
-0.917248465433346,-1.317969011652391,7.786932586299411,0.0,0.0,6,B,70,5,25,25,2
-0.921272542526179,-1.3739213766458707,8.117514937171222,0.0,0.0,10,B,75,3,15,25,3
-0.921272542526179,-1.3739213766458707,8.117514937171222,0.0,0.0,10,B,75,3,25,25,3
-0.921272542526179,-1.3739213766458707,8.117514937171222,0.0,0.0,10,B,75,3,20,25,3
-0.921272542526179,-1.3739213766458707,8.117514937171222,0.0,0.0,10,B,65,3,10,25,3
-0.921272542526179,-1.3739213766458707,8.117514937171222,0.0,0.0,10,B,75,3,10,25,3
-0.921272542526179,-1.3739213766458707,8.117514937171222,0.0,0.0,10,B,65,3,25,25,3
-0.921272542526179,-1.3739213766458707,8.117514937171222,0.0,0.0,10,B,70,3,25,25,3
-0.921272542526179,-1.3739213766458707,8.117514937171222,0.0,0.0,10,B,70,3,10,25,3
-0.921272542526179,-1.3739213766458707,8.117514937171222,0.0,0.0,10,B,70,3,20,25,3
-0.921272542526179,-1.3739213766458707,8.117514937171222,0.0,0.0,10,B,65,3,20,25,3
-0.9213167736515901,-1.7956269281884605,10.609070256073094,0.0,0.0,10,B,70,3,25,33,3
-0.9213167736515901,-1.7956269281884605,10.609070256073094,0.0,0.0,10,B,75,3,25,33,3
-0.9213167736515901,-1.7956269281884605,10.609070256073094,0.0,0.0,10,B,65,3,10,33,3
-0.9213167736515901,-1.7956269281884605,10.609070256073094,0.0,0.0,10,B,65,3,25,33,3
-0.9215081983499059,-1.3739213766458707,8.117514937171222,0.0,0.0,10,B,65,3,15,25,3
-0.9260284500518279,-1.7435423936871544,10.301340138471948,0.0,0.0,8,B,70,5,25,25,3
-0.9264368243464537,-2.274341198773651,13.43744916345938,0.0,0.0,8,B,75,5,25,33,3
-0.9264368243464537,-2.274341198773651,13.43744916345938,0.0,0.0,8,B,65,5,25,33,3
-0.9266738073510823,-2.274341198773651,13.43744916345938,0.0,0.0,8,B,70,5,25,33,3
-0.9266738073510823,-2.274341198773651,13.43744916345938,0.0,0.0,8,B,65,5,15,33,3
-0.9432208042004342,-1.6226922540263033,9.587323433781691,0.0,0.0,9,B,65,3,20,33,3
-0.9432208042004342,-1.6226922540263033,9.587323433781691,0.0,0.0,9,B,75,3,10,33,3
-0.9432208042004342,-1.6226922540263033,9.587323433781691,0.0,0.0,9,B,75,3,20,33,3
-0.9661805182888142,-0.9149477242971913,5.4057691691535625,0.0,0.0,5,B,75,3,20,33,1
-0.9661805182888142,-0.9149477242971913,5.4057691691535625,0.0,0.0,5,B,75,3,25,33,1
-0.9661805182888142,-0.9149477242971913,5.4057691691535625,0.0,0.0,5,B,70,3,15,33,1
-0.9661805182888142,-0.6968666450332182,4.117284654296194,0.0,0.0,5,B,70,3,10,25,1
-0.9661805182888142,-0.9149477242971913,5.4057691691535625,0.0,0.0,5,B,65,3,15,33,1
-0.9661805182888142,-0.9149477242971913,5.4057691691535625,0.0,0.0,5,B,70,3,10,33,1
-0.9661805182888142,-0.6968666450332182,4.117284654296194,0.0,0.0,5,B,70,3,15,25,1
-0.9661805182888142,-0.6968666450332182,4.117284654296194,0.0,0.0,5,B,75,3,25,25,1
-0.9661805182888142,-0.6968666450332182,4.117284654296194,0.0,0.0,5,B,70,3,20,25,1
-0.9661805182888142,-0.6968666450332182,4.117284654296194,0.0,0.0,5,B,70,3,25,25,1
-0.9661805182888142,-0.9149477242971913,5.4057691691535625,0.0,0.0,5,B,65,3,25,33,1
-0.9661805182888142,-0.9149477242971913,5.4057691691535625,0.0,0.0,5,B,65,3,10,33,1
-0.9661805182888142,-0.9149477242971913,5.4057691691535625,0.0,0.0,5,B,65,3,20,33,1
-0.9661805182888142,-0.6968666450332182,4.117284654296194,0.0,0.0,5,B,65,3,15,25,1
-0.9661805182888142,-0.6968666450332182,4.117284654296194,0.0,0.0,5,B,65,3,25,25,1
-0.9661805182888142,-0.6968666450332182,4.117284654296194,0.0,0.0,5,B,65,3,20,25,1
-0.9661805182888142,-0.6968666450332182,4.117284654296194,0.0,0.0,5,B,65,3,10,25,1
-0.9664277186349932,-0.6968666450332182,4.117284654296194,0.0,0.0,5,B,75,3,10,25,1
-0.966427718763948,-0.6968671298092111,4.117287518489466,0.0,0.0,5,B,75,3,15,25,1
-0.966427718763948,-0.9149483573125802,5.4057729091869895,0.0,0.0,5,B,75,3,10,33,1
-0.9664277244766433,-0.6968312600742991,4.11707558998039,0.0,0.0,5,B,75,3,20,25,1
-0.997964696865381,-1.4477209487400449,8.553543620481907,0.0,0.0,8,B,75,3,25,33,2
-0.997964696865381,-1.4477209487400449,8.553543620481907,0.0,0.0,8,B,70,3,20,33,2
-0.997964696865381,-1.4477209487400449,8.553543620481907,0.0,0.0,8,B,70,3,15,33,2
-0.997964696865381,-1.4477209487400449,8.553543620481907,0.0,0.0,8,B,75,3,10,33,2
-0.997964696865381,-1.4477209487400449,8.553543620481907,0.0,0.0,8,B,70,3,10,33,2
-0.997964696865381,-1.4477209487400449,8.553543620481907,0.0,0.0,8,B,75,3,15,33,2
-0.997964696865381,-1.4477209487400449,8.553543620481907,0.0,0.0,8,B,65,3,15,33,2
-0.997964696865381,-1.4477209487400449,8.553543620481907,0.0,0.0,8,B,65,3,20,33,2
-0.997964696865381,-1.4477209487400449,8.553543620481907,0.0,0.0,8,B,65,3,10,33,2
-0.9979675575103228,-1.1056308731297064,6.532378984843001,0.0,0.0,8,B,75,3,25,25,2
-0.9979675575103228,-1.1056308731297064,6.532378984843001,0.0,0.0,8,B,65,3,10,25,2
-0.9979675575103228,-1.1056308731297064,6.532378984843001,0.0,0.0,8,B,65,3,20,25,2
-0.9979675575103228,-1.1056308731297064,6.532378984843001,0.0,0.0,8,B,65,3,25,25,2
-0.9979675575103228,-1.1056308731297064,6.532378984843001,0.0,0.0,8,B,75,3,15,25,2
-0.9982199074907507,-1.4477216527928127,8.553547780224202,0.0,0.0,8,B,70,3,25,33,2
-0.9982227682992064,-1.1056314153209275,6.532382188261632,0.0,0.0,8,B,70,3,20,25,2
-0.9982229342964988,-1.1056308731297064,6.532378984843001,0.0,0.0,8,B,65,3,15,25,2
-0.9982229342964988,-1.1056308731297064,6.532378984843001,0.0,0.0,8,B,75,3,20,25,2
-0.9982231712473202,-1.1056301126805788,6.53237449189511,0.0,0.0,8,B,70,3,10,25,2
-0.9985752227083613,-1.1044955554479567,6.525671207821193,0.0,0.0,8,B,75,3,10,25,2
-1.009879054193395,-1.5322628359633543,9.053040930893685,0.0,0.0,7,B,75,5,25,25,3
